,host vehicle data,,,,,,,,,infrastrure - MAP data,,,,,,,,,,,,,,,,,,,,,Priority Status,,,activeRequest Data,,,,,,,,activeRequest Data,,,,,,,,activeRequest Data,,,,,,,,activeRequest Data,,,,,,,,activeRequest Data,,,,,,,
0,1,2,3,4,5,6,7,8,9,46,47,48,49,50,51,52,53,54,55,56,57,58,59,60,61,62,63,64,65,66,163,164,165,166,167,168,169,170,171,172,173,174,175,176,177,178,179,180,181,182,183,184,185,186,187,188,189,190,191,192,193,194,195,196,197,198,199,200,201,202,203,204,205
secMark,vehicleID,vehicleType,latitude,longitude,elevation,heading,speed,currentLane,currentSignalGroup,numActiveMaps,IntersectionID,DescriptiveName,active,age,IntersectionID,DescriptiveName,active,age,IntersectionID,DescriptiveName,active,age,IntersectionID,DescriptiveName,active,age,IntersectionID,DescriptiveName,active,age,onMap,requestSent,numActiveRequests,vehicleID,requestID,msgCount,inBoundLaneID,basicVehicleRole,vehicleETA,duration,priorityRequestStatus,vehicleID,requestID,msgCount,inBoundLaneID,basicVehicleRole,vehicleETA,duration,priorityRequestStatus,vehicleID,requestID,msgCount,inBoundLaneID,basicVehicleRole,vehicleETA,duration,priorityRequestStatus,vehicleID,requestID,msgCount,inBoundLaneID,basicVehicleRole,vehicleETA,duration,priorityRequestStatus,vehicleID,requestID,msgCount,inBoundLaneID,basicVehicleRole,vehicleETA,duration,priorityRequestStatus
33800,1,transit,32.23626383,-110.9014585,758.8,270.32,8.5,2,2,5,101,Daisy Mountain and Gavilan Peak,TRUE,0,102,Daisy Mountain and Dedication,FALSE,0,103,Gavilan Peak and Boulder Creek High School,FALSE,200,104,Gavilan Peak and Memorial Way,FALSE,100,105,Daisy Mountain and Hastings,FALSE,33,FALSE,FALSE,0,1234,1,1,12,16,20.7,4.1,0,39,3,1,23,9,36.1,6.3,0,20,1,1,6,13,15.3,4.1,0,21,1,1,2,13,9.8,8,0,100,1,1,17,9,35.1,6.3,0
33900,1,transit,32.23626383,-110.901468,758.8,270.16,8.79,2,2,5,101,Daisy Mountain and Gavilan Peak,TRUE,0,102,Daisy Mountain and Dedication,FALSE,1,103,Gavilan Peak and Boulder Creek High School,FALSE,201,104,Gavilan Peak and Memorial Way,FALSE,101,105,Daisy Mountain and Hastings,FALSE,34,FALSE,FALSE,0,1234,1,1,12,16,20.6,4.1,0,39,3,1,23,9,36,6.3,0,20,1,1,6,13,15.3,4.1,0,21,1,1,2,13,9.8,8,0,100,1,1,17,9,35.1,6.3,0
34000,1,transit,32.23626383,-110.9014775,758.8,270.14,8.96,2,2,5,101,Daisy Mountain and Gavilan Peak,TRUE,0,102,Daisy Mountain and Dedication,FALSE,2,103,Gavilan Peak and Boulder Creek High School,FALSE,202,104,Gavilan Peak and Memorial Way,FALSE,102,105,Daisy Mountain and Hastings,FALSE,35,FALSE,FALSE,0,1234,1,1,12,16,20.5,4.1,0,39,3,1,23,9,35.9,6.3,0,20,1,1,6,13,15.3,4.1,0,21,1,1,2,13,9.8,8,0,100,1,1,17,9,35.1,6.3,0
34100,1,transit,32.236264,-110.9014875,758.8,270.34,9.26,2,2,5,101,Daisy Mountain and Gavilan Peak,TRUE,0,102,Daisy Mountain and Dedication,FALSE,3,103,Gavilan Peak and Boulder Creek High School,FALSE,203,104,Gavilan Peak and Memorial Way,FALSE,103,105,Daisy Mountain and Hastings,FALSE,36,FALSE,FALSE,0,1234,1,1,12,16,20.4,4.1,0,39,3,1,23,9,35.8,6.3,0,20,1,1,6,13,15.3,4.1,0,21,1,1,2,13,9.8,8,0,100,1,1,17,9,35.1,6.3,0
34200,1,transit,32.236264,-110.9014975,758.8,270.33,9.44,2,2,5,101,Daisy Mountain and Gavilan Peak,TRUE,0,102,Daisy Mountain and Dedication,FALSE,4,103,Gavilan Peak and Boulder Creek High School,FALSE,204,104,Gavilan Peak and Memorial Way,FALSE,104,105,Daisy Mountain and Hastings,FALSE,37,FALSE,FALSE,0,1234,1,1,12,16,20.3,4.1,0,39,3,1,23,9,35.7,6.3,0,20,1,1,6,13,15.3,4.1,0,21,1,1,2,13,9.8,8,0,100,1,1,17,9,35.1,6.3,0
34300,1,transit,32.236264,-110.9015078,758.8,270.31,9.65,2,2,5,101,Daisy Mountain and Gavilan Peak,TRUE,0,102,Daisy Mountain and Dedication,FALSE,5,103,Gavilan Peak and Boulder Creek High School,FALSE,205,104,Gavilan Peak and Memorial Way,FALSE,105,105,Daisy Mountain and Hastings,FALSE,38,FALSE,FALSE,0,1234,1,1,12,16,20.2,4.1,0,39,3,1,23,9,35.6,6.3,0,20,1,1,6,13,15.3,4.1,0,21,1,1,2,13,9.8,8,0,100,1,1,17,9,35.1,6.3,0
34400,1,transit,32.23626417,-110.9015185,758.8,270.24,9.96,2,2,5,101,Daisy Mountain and Gavilan Peak,TRUE,0,102,Daisy Mountain and Dedication,FALSE,6,103,Gavilan Peak and Boulder Creek High School,FALSE,206,104,Gavilan Peak and Memorial Way,FALSE,106,105,Daisy Mountain and Hastings,FALSE,39,FALSE,FALSE,0,1234,1,1,12,16,20.1,4.1,0,39,3,1,23,9,35.5,6.3,0,20,1,1,6,13,15.3,4.1,0,21,1,1,2,13,9.8,8,0,100,1,1,17,9,35.1,6.3,0
34500,1,transit,32.23626417,-110.9015293,758.8,270.08,10.09,2,2,5,101,Daisy Mountain and Gavilan Peak,TRUE,0,102,Daisy Mountain and Dedication,FALSE,7,103,Gavilan Peak and Boulder Creek High School,FALSE,207,104,Gavilan Peak and Memorial Way,FALSE,107,105,Daisy Mountain and Hastings,FALSE,40,FALSE,FALSE,0,1234,1,1,12,16,20,4.1,0,39,3,1,23,9,35.4,6.3,0,20,1,1,6,13,15.3,4.1,0,21,1,1,2,13,9.8,8,0,100,1,1,17,9,35.1,6.3,0
34600,1,transit,32.23626433,-110.9015403,758.8,270.45,10.33,2,2,5,101,Daisy Mountain and Gavilan Peak,TRUE,0,102,Daisy Mountain and Dedication,FALSE,8,103,Gavilan Peak and Boulder Creek High School,FALSE,208,104,Gavilan Peak and Memorial Way,FALSE,108,105,Daisy Mountain and Hastings,FALSE,41,FALSE,FALSE,1,1234,1,1,12,16,19.9,4.1,0,39,3,1,23,9,35.3,6.3,0,20,1,1,6,13,15.3,4.1,0,21,1,1,2,13,9.8,8,0,100,1,1,17,9,35.1,6.3,0
34700,1,transit,32.23626433,-110.9015515,758.9,270.31,10.59,2,2,5,101,Daisy Mountain and Gavilan Peak,TRUE,0,102,Daisy Mountain and Dedication,FALSE,9,103,Gavilan Peak and Boulder Creek High School,FALSE,209,104,Gavilan Peak and Memorial Way,FALSE,109,105,Daisy Mountain and Hastings,FALSE,42,FALSE,FALSE,1,1234,1,2,12,16,19.8,4.1,4,39,3,2,23,9,35.2,6.3,4,20,1,2,6,13,15.3,4.1,4,21,1,2,2,13,9.8,8,4,100,1,2,17,9,35.1,6.3,4
34800,1,transit,32.23626417,-110.901563,758.9,270.08,10.73,2,2,5,101,Daisy Mountain and Gavilan Peak,TRUE,0,102,Daisy Mountain and Dedication,FALSE,10,103,Gavilan Peak and Boulder Creek High School,FALSE,210,104,Gavilan Peak and Memorial Way,FALSE,110,105,Daisy Mountain and Hastings,FALSE,43,FALSE,FALSE,1,1234,1,2,12,16,19.7,4.1,4,39,3,2,23,9,35.1,6.3,4,20,1,2,6,13,15.3,4.1,4,21,1,2,2,13,9.8,8,4,100,1,2,17,9,35.1,6.3,4
34900,1,transit,32.23626433,-110.9015747,758.9,270.24,10.96,2,2,5,101,Daisy Mountain and Gavilan Peak,TRUE,0,102,Daisy Mountain and Dedication,FALSE,11,103,Gavilan Peak and Boulder Creek High School,FALSE,211,104,Gavilan Peak and Memorial Way,FALSE,111,105,Daisy Mountain and Hastings,FALSE,44,FALSE,FALSE,1,1234,1,2,12,16,19.6,4.1,4,39,3,2,23,9,35,6.3,4,20,1,2,6,13,15.3,4.1,4,21,1,2,2,13,9.8,8,4,100,1,2,17,9,35.1,6.3,4
35000,1,transit,32.23626433,-110.9015865,758.9,270.29,11.18,2,2,5,101,Daisy Mountain and Gavilan Peak,TRUE,0,102,Daisy Mountain and Dedication,FALSE,12,103,Gavilan Peak and Boulder Creek High School,FALSE,212,104,Gavilan Peak and Memorial Way,FALSE,112,105,Daisy Mountain and Hastings,FALSE,45,FALSE,FALSE,1,1234,1,2,12,16,19.5,4.1,4,39,3,2,23,9,34.9,6.3,4,20,1,2,6,13,15.3,4.1,4,21,1,2,2,13,9.8,8,4,100,1,2,17,9,35.1,6.3,4
35100,1,transit,32.23626433,-110.9015985,759,270.18,11.38,2,2,5,101,Daisy Mountain and Gavilan Peak,TRUE,0,102,Daisy Mountain and Dedication,FALSE,13,103,Gavilan Peak and Boulder Creek High School,FALSE,213,104,Gavilan Peak and Memorial Way,FALSE,113,105,Daisy Mountain and Hastings,FALSE,46,FALSE,FALSE,1,1234,1,2,12,16,19.4,4.1,4,39,3,2,23,9,34.8,6.3,4,20,1,2,6,13,15.3,4.1,4,21,1,2,2,13,9.8,8,4,100,1,2,17,9,35.1,6.3,4
35200,1,transit,32.23626433,-110.9016108,759,270.26,11.6,2,2,5,101,Daisy Mountain and Gavilan Peak,TRUE,0,102,Daisy Mountain and Dedication,FALSE,14,103,Gavilan Peak and Boulder Creek High School,FALSE,214,104,Gavilan Peak and Memorial Way,FALSE,114,105,Daisy Mountain and Hastings,FALSE,47,FALSE,FALSE,1,1234,1,2,12,16,19.3,4.1,4,39,3,2,23,9,34.7,6.3,4,20,1,2,6,13,15.3,4.1,4,21,1,2,2,13,9.8,8,4,100,1,2,17,9,35.1,6.3,4
35300,1,transit,32.23626433,-110.9016233,759,270.21,11.79,2,2,5,101,Daisy Mountain and Gavilan Peak,TRUE,0,102,Daisy Mountain and Dedication,FALSE,15,103,Gavilan Peak and Boulder Creek High School,FALSE,215,104,Gavilan Peak and Memorial Way,FALSE,115,105,Daisy Mountain and Hastings,FALSE,48,FALSE,FALSE,1,1234,1,2,12,16,19.2,4.1,4,39,3,2,23,9,34.6,6.3,4,20,1,2,6,13,15.3,4.1,4,21,1,2,2,13,9.8,8,4,100,1,2,17,9,35.1,6.3,4
35400,1,transit,32.23626433,-110.9016362,759,270.42,11.97,2,2,5,101,Daisy Mountain and Gavilan Peak,TRUE,0,102,Daisy Mountain and Dedication,FALSE,16,103,Gavilan Peak and Boulder Creek High School,FALSE,216,104,Gavilan Peak and Memorial Way,FALSE,116,105,Daisy Mountain and Hastings,FALSE,49,FALSE,FALSE,1,1234,1,2,12,16,19.1,4.1,4,39,3,2,23,9,34.5,6.3,4,20,1,2,6,13,15.3,4.1,4,21,1,2,2,13,9.8,8,4,100,1,2,17,9,35.1,6.3,4
35500,1,transit,32.23626433,-110.9016492,759.1,270.23,12.22,2,2,5,101,Daisy Mountain and Gavilan Peak,TRUE,0,102,Daisy Mountain and Dedication,FALSE,17,103,Gavilan Peak and Boulder Creek High School,FALSE,217,104,Gavilan Peak and Memorial Way,FALSE,117,105,Daisy Mountain and Hastings,FALSE,50,FALSE,FALSE,1,1234,1,2,12,16,19,4.1,4,39,3,2,23,9,34.4,6.3,4,20,1,2,6,13,15.3,4.1,4,21,1,2,2,13,9.8,8,4,100,1,2,17,9,35.1,6.3,4
35600,1,transit,32.23626433,-110.9016622,759.1,270.26,12.37,2,2,5,101,Daisy Mountain and Gavilan Peak,TRUE,0,102,Daisy Mountain and Dedication,FALSE,18,103,Gavilan Peak and Boulder Creek High School,FALSE,218,104,Gavilan Peak and Memorial Way,FALSE,118,105,Daisy Mountain and Hastings,FALSE,51,FALSE,FALSE,1,1234,1,2,12,16,18.9,4.1,4,39,3,2,23,9,34.3,6.3,4,20,1,2,6,13,15.3,4.1,4,21,1,2,2,13,9.8,8,4,100,1,2,17,9,35.1,6.3,4
35700,1,transit,32.23626433,-110.9016755,759.1,270.21,12.52,2,2,5,101,Daisy Mountain and Gavilan Peak,TRUE,0,102,Daisy Mountain and Dedication,FALSE,19,103,Gavilan Peak and Boulder Creek High School,FALSE,219,104,Gavilan Peak and Memorial Way,FALSE,119,105,Daisy Mountain and Hastings,FALSE,52,FALSE,FALSE,1,1234,1,2,12,16,18.8,4.1,4,39,3,2,23,9,34.2,6.3,4,20,1,2,6,13,15.3,4.1,4,21,1,2,2,13,9.8,8,4,100,1,2,17,9,35.1,6.3,4
35800,1,transit,32.23626433,-110.901689,759.1,270.07,12.73,2,2,5,101,Daisy Mountain and Gavilan Peak,TRUE,0,102,Daisy Mountain and Dedication,FALSE,20,103,Gavilan Peak and Boulder Creek High School,FALSE,220,104,Gavilan Peak and Memorial Way,FALSE,120,105,Daisy Mountain and Hastings,FALSE,53,FALSE,FALSE,1,1234,1,2,12,16,18.7,4.1,4,39,3,2,23,9,34.1,6.3,4,20,1,2,6,13,15.3,4.1,4,21,1,2,2,13,9.8,8,4,100,1,2,17,9,35.1,6.3,4
35900,1,transit,32.23626433,-110.9017027,759.2,270.07,12.79,2,2,5,101,Daisy Mountain and Gavilan Peak,TRUE,0,102,Daisy Mountain and Dedication,FALSE,21,103,Gavilan Peak and Boulder Creek High School,FALSE,221,104,Gavilan Peak and Memorial Way,FALSE,121,105,Daisy Mountain and Hastings,FALSE,54,FALSE,FALSE,1,1234,1,2,12,16,18.6,4.1,4,39,3,2,23,9,34,6.3,4,20,1,2,6,13,15.3,4.1,4,21,1,2,2,13,9.8,8,4,100,1,2,17,9,35.1,6.3,4
36000,1,transit,32.23626433,-110.9017163,759.2,269.95,12.87,2,2,5,101,Daisy Mountain and Gavilan Peak,TRUE,0,102,Daisy Mountain and Dedication,FALSE,22,103,Gavilan Peak and Boulder Creek High School,FALSE,222,104,Gavilan Peak and Memorial Way,FALSE,122,105,Daisy Mountain and Hastings,FALSE,55,FALSE,FALSE,1,1234,1,3,12,16,18.5,4.1,4,39,3,3,23,9,33.9,6.3,4,20,1,3,6,13,15.3,4.1,4,21,1,3,2,13,9.8,8,4,100,1,3,17,9,35.1,6.3,4
36100,1,transit,32.23626433,-110.90173,759.2,270.05,12.98,2,2,5,101,Daisy Mountain and Gavilan Peak,TRUE,0,102,Daisy Mountain and Dedication,FALSE,23,103,Gavilan Peak and Boulder Creek High School,FALSE,223,104,Gavilan Peak and Memorial Way,FALSE,123,105,Daisy Mountain and Hastings,FALSE,56,FALSE,FALSE,1,1234,1,3,12,16,18.4,4.1,4,39,3,3,23,9,33.8,6.3,4,20,1,3,6,13,15.3,4.1,4,21,1,3,2,13,9.8,8,4,100,1,3,17,9,35.1,6.3,4
36200,1,transit,32.23626417,-110.901744,759.2,269.89,13.08,2,2,5,101,Daisy Mountain and Gavilan Peak,TRUE,0,102,Daisy Mountain and Dedication,FALSE,24,103,Gavilan Peak and Boulder Creek High School,FALSE,224,104,Gavilan Peak and Memorial Way,FALSE,124,105,Daisy Mountain and Hastings,FALSE,57,FALSE,FALSE,1,1234,1,3,12,16,18.3,4.1,4,39,3,3,23,9,33.7,6.3,4,20,1,3,6,13,15.3,4.1,4,21,1,3,2,13,9.8,8,4,100,1,3,17,9,35.1,6.3,4
36300,1,transit,32.23626417,-110.9017582,759.3,269.96,13.32,2,2,5,101,Daisy Mountain and Gavilan Peak,TRUE,0,102,Daisy Mountain and Dedication,FALSE,25,103,Gavilan Peak and Boulder Creek High School,FALSE,225,104,Gavilan Peak and Memorial Way,FALSE,125,105,Daisy Mountain and Hastings,FALSE,58,FALSE,FALSE,1,1234,1,3,12,16,18.2,4.1,4,39,3,3,23,9,33.6,6.3,4,20,1,3,6,13,15.3,4.1,4,21,1,3,2,13,9.8,8,4,100,1,3,17,9,35.1,6.3,4
36400,1,transit,32.23626417,-110.9017722,759.3,269.97,13.27,2,2,5,101,Daisy Mountain and Gavilan Peak,TRUE,0,102,Daisy Mountain and Dedication,FALSE,26,103,Gavilan Peak and Boulder Creek High School,FALSE,226,104,Gavilan Peak and Memorial Way,FALSE,126,105,Daisy Mountain and Hastings,FALSE,59,FALSE,FALSE,1,1234,1,3,12,16,18.1,4.1,4,39,3,3,23,9,33.5,6.3,4,20,1,3,6,13,15.3,4.1,4,21,1,3,2,13,9.8,8,4,100,1,3,17,9,35.1,6.3,4
36500,1,transit,32.23626417,-110.9017865,759.3,270.05,13.59,2,2,5,101,Daisy Mountain and Gavilan Peak,TRUE,0,102,Daisy Mountain and Dedication,FALSE,27,103,Gavilan Peak and Boulder Creek High School,FALSE,227,104,Gavilan Peak and Memorial Way,FALSE,127,105,Daisy Mountain and Hastings,FALSE,60,FALSE,FALSE,1,1234,1,3,12,16,18,4.1,4,39,3,3,23,9,33.4,6.3,4,20,1,3,6,13,15.3,4.1,4,21,1,3,2,13,9.8,8,4,100,1,3,17,9,35.1,6.3,4
36600,1,transit,32.236264,-110.901801,759.4,269.66,13.67,2,2,5,101,Daisy Mountain and Gavilan Peak,TRUE,0,102,Daisy Mountain and Dedication,FALSE,28,103,Gavilan Peak and Boulder Creek High School,FALSE,228,104,Gavilan Peak and Memorial Way,FALSE,128,105,Daisy Mountain and Hastings,FALSE,61,FALSE,FALSE,1,1234,1,3,12,16,17.9,4.1,4,39,3,3,23,9,33.3,6.3,4,20,1,3,6,13,15.3,4.1,4,21,1,3,2,13,9.8,8,4,100,1,3,17,9,35.1,6.3,4
36700,1,transit,32.236264,-110.9018158,759.4,269.9,13.9,2,2,5,101,Daisy Mountain and Gavilan Peak,TRUE,0,102,Daisy Mountain and Dedication,FALSE,29,103,Gavilan Peak and Boulder Creek High School,FALSE,229,104,Gavilan Peak and Memorial Way,FALSE,129,105,Daisy Mountain and Hastings,FALSE,62,FALSE,FALSE,1,1234,1,3,12,16,17.8,4.1,4,39,3,3,23,9,33.2,6.3,4,20,1,3,6,13,15.3,4.1,4,21,1,3,2,13,9.8,8,4,100,1,3,17,9,35.1,6.3,4
36800,1,transit,32.236264,-110.9018305,759.4,270.22,13.81,2,2,5,101,Daisy Mountain and Gavilan Peak,TRUE,0,102,Daisy Mountain and Dedication,FALSE,30,103,Gavilan Peak and Boulder Creek High School,FALSE,230,104,Gavilan Peak and Memorial Way,FALSE,130,105,Daisy Mountain and Hastings,FALSE,63,FALSE,FALSE,1,1234,1,3,12,16,17.7,4.1,4,39,3,3,23,9,33.1,6.3,4,20,1,3,6,13,15.3,4.1,4,21,1,3,2,13,9.8,8,4,100,1,3,17,9,35.1,6.3,4
36900,1,transit,32.236264,-110.9018455,759.4,269.74,14.11,2,2,5,101,Daisy Mountain and Gavilan Peak,TRUE,0,102,Daisy Mountain and Dedication,FALSE,31,103,Gavilan Peak and Boulder Creek High School,FALSE,231,104,Gavilan Peak and Memorial Way,FALSE,131,105,Daisy Mountain and Hastings,FALSE,64,FALSE,FALSE,1,1234,1,3,12,16,17.6,4.1,4,39,3,3,23,9,33,6.3,4,20,1,3,6,13,15.3,4.1,4,21,1,3,2,13,9.8,8,4,100,1,3,17,9,35.1,6.3,4
37000,1,transit,32.23626383,-110.9018607,759.4,269.69,14.23,2,2,5,101,Daisy Mountain and Gavilan Peak,TRUE,0,102,Daisy Mountain and Dedication,FALSE,32,103,Gavilan Peak and Boulder Creek High School,FALSE,232,104,Gavilan Peak and Memorial Way,FALSE,132,105,Daisy Mountain and Hastings,FALSE,65,FALSE,FALSE,1,1234,1,3,12,16,17.5,4.1,4,39,3,3,23,9,32.9,6.3,4,20,1,3,6,13,15.3,4.1,4,21,1,3,2,13,9.8,8,4,100,1,3,17,9,35.1,6.3,4
37100,1,transit,32.23626367,-110.9018757,759.4,269.25,14.23,2,2,5,101,Daisy Mountain and Gavilan Peak,TRUE,0,102,Daisy Mountain and Dedication,FALSE,33,103,Gavilan Peak and Boulder Creek High School,FALSE,233,104,Gavilan Peak and Memorial Way,FALSE,133,105,Daisy Mountain and Hastings,FALSE,66,FALSE,FALSE,1,1234,1,3,12,16,17.4,4.1,4,39,3,3,23,9,32.8,6.3,4,20,1,3,6,13,15.3,4.1,4,21,1,3,2,13,9.8,8,4,100,1,3,17,9,35.1,6.3,4
37200,1,transit,32.23626367,-110.901891,759.4,269.91,14.39,2,2,5,101,Daisy Mountain and Gavilan Peak,TRUE,0,102,Daisy Mountain and Dedication,FALSE,34,103,Gavilan Peak and Boulder Creek High School,FALSE,234,104,Gavilan Peak and Memorial Way,FALSE,134,105,Daisy Mountain and Hastings,FALSE,67,FALSE,FALSE,1,1234,1,3,12,16,17.3,4.1,4,39,3,3,23,9,32.7,6.3,4,20,1,3,6,13,15.3,4.1,4,21,1,3,2,13,9.8,8,4,100,1,3,17,9,35.1,6.3,4
37300,1,transit,32.23626367,-110.9019067,759.5,270,14.61,2,2,5,101,Daisy Mountain and Gavilan Peak,TRUE,0,102,Daisy Mountain and Dedication,FALSE,35,103,Gavilan Peak and Boulder Creek High School,FALSE,235,104,Gavilan Peak and Memorial Way,FALSE,135,105,Daisy Mountain and Hastings,FALSE,68,FALSE,FALSE,1,1234,1,3,12,16,17.2,4.1,4,39,3,3,23,9,32.6,6.3,4,20,1,3,6,13,15.3,4.1,4,21,1,3,2,13,9.8,8,4,100,1,3,17,9,35.1,6.3,4
37400,1,transit,32.23626383,-110.9019222,759.5,270.61,14.71,2,2,5,101,Daisy Mountain and Gavilan Peak,TRUE,0,102,Daisy Mountain and Dedication,FALSE,36,103,Gavilan Peak and Boulder Creek High School,FALSE,236,104,Gavilan Peak and Memorial Way,FALSE,136,105,Daisy Mountain and Hastings,FALSE,69,FALSE,FALSE,1,1234,1,4,12,16,17.1,4.1,4,39,3,4,23,9,32.5,6.3,4,20,1,4,6,13,15.3,4.1,4,21,1,4,2,13,9.8,8,4,100,1,4,17,9,35.1,6.3,4
37500,1,transit,32.2362635,-110.9019378,759.5,269.08,14.77,2,2,5,101,Daisy Mountain and Gavilan Peak,TRUE,0,102,Daisy Mountain and Dedication,FALSE,37,103,Gavilan Peak and Boulder Creek High School,FALSE,237,104,Gavilan Peak and Memorial Way,FALSE,137,105,Daisy Mountain and Hastings,FALSE,70,FALSE,FALSE,1,1234,1,4,12,16,17,4.1,4,39,3,4,23,9,32.4,6.3,4,20,1,4,6,13,15.3,4.1,4,21,1,4,2,13,9.8,8,4,100,1,4,17,9,35.1,6.3,4
37600,1,transit,32.2362635,-110.9019537,759.5,269.89,14.83,2,2,5,101,Daisy Mountain and Gavilan Peak,TRUE,0,102,Daisy Mountain and Dedication,FALSE,38,103,Gavilan Peak and Boulder Creek High School,FALSE,238,104,Gavilan Peak and Memorial Way,FALSE,138,105,Daisy Mountain and Hastings,FALSE,71,FALSE,FALSE,1,1234,1,4,12,16,16.9,4.1,4,39,3,4,23,9,32.3,6.3,4,20,1,4,6,13,15.3,4.1,4,21,1,4,2,13,9.8,8,4,100,1,4,17,9,35.1,6.3,4
37700,1,transit,32.2362635,-110.9019698,759.5,269.77,15.18,2,2,5,101,Daisy Mountain and Gavilan Peak,TRUE,0,102,Daisy Mountain and Dedication,FALSE,39,103,Gavilan Peak and Boulder Creek High School,FALSE,239,104,Gavilan Peak and Memorial Way,FALSE,139,105,Daisy Mountain and Hastings,FALSE,72,FALSE,FALSE,1,1234,1,4,12,16,16.8,4.1,4,39,3,4,23,9,32.2,6.3,4,20,1,4,6,13,15.3,4.1,4,21,1,4,2,13,9.8,8,4,100,1,4,17,9,35.1,6.3,4
37800,1,transit,32.2362635,-110.9019858,759.6,270.17,15.13,2,2,5,101,Daisy Mountain and Gavilan Peak,TRUE,0,102,Daisy Mountain and Dedication,FALSE,40,103,Gavilan Peak and Boulder Creek High School,FALSE,240,104,Gavilan Peak and Memorial Way,FALSE,140,105,Daisy Mountain and Hastings,FALSE,73,TRUE,FALSE,1,1234,1,4,12,16,16.7,4.1,4,39,3,4,23,9,32.1,6.3,4,20,1,4,6,13,15.3,4.1,4,21,1,4,2,13,9.8,8,4,100,1,4,17,9,35.1,6.3,4
37900,1,transit,32.2362635,-110.9020022,759.6,269.81,15.31,2,2,5,101,Daisy Mountain and Gavilan Peak,TRUE,0,102,Daisy Mountain and Dedication,FALSE,41,103,Gavilan Peak and Boulder Creek High School,FALSE,241,104,Gavilan Peak and Memorial Way,FALSE,141,105,Daisy Mountain and Hastings,FALSE,74,TRUE,FALSE,1,1234,1,4,13,16,16.6,4.1,4,39,3,4,22,9,32,6.3,4,20,1,4,6,13,15.3,4.1,4,21,1,4,2,13,9.8,8,4,100,1,4,17,9,35.1,6.3,4
38000,1,transit,32.23626333,-110.9020185,759.6,269.93,15.34,2,2,5,101,Daisy Mountain and Gavilan Peak,TRUE,0,102,Daisy Mountain and Dedication,FALSE,42,103,Gavilan Peak and Boulder Creek High School,FALSE,242,104,Gavilan Peak and Memorial Way,FALSE,142,105,Daisy Mountain and Hastings,FALSE,75,TRUE,FALSE,1,1234,1,5,13,16,16.5,4.1,4,39,3,5,22,9,31.9,6.3,4,20,1,5,6,13,15.3,4.1,4,21,1,5,2,13,9.8,8,4,100,1,5,17,9,35.1,6.3,4
38100,1,transit,32.2362635,-110.902035,759.6,269.99,15.53,2,2,5,101,Daisy Mountain and Gavilan Peak,TRUE,0,102,Daisy Mountain and Dedication,FALSE,43,103,Gavilan Peak and Boulder Creek High School,FALSE,243,104,Gavilan Peak and Memorial Way,FALSE,143,105,Daisy Mountain and Hastings,FALSE,76,TRUE,FALSE,1,1234,1,5,13,16,16.4,4.1,4,39,3,5,22,9,31.8,6.3,4,20,1,5,6,13,15.3,4.1,4,21,1,5,2,13,9.8,8,4,100,1,5,17,9,35.1,6.3,4
38200,1,transit,32.23626333,-110.9020515,759.6,269.9,15.61,2,2,5,101,Daisy Mountain and Gavilan Peak,TRUE,0,102,Daisy Mountain and Dedication,FALSE,44,103,Gavilan Peak and Boulder Creek High School,FALSE,244,104,Gavilan Peak and Memorial Way,FALSE,144,105,Daisy Mountain and Hastings,FALSE,77,TRUE,FALSE,1,1234,1,5,13,16,16.3,4.1,4,39,3,5,22,9,31.7,6.3,4,20,1,5,6,13,15.3,4.1,4,21,1,5,2,13,9.8,8,4,100,1,5,17,9,35.1,6.3,4
38300,1,transit,32.23626333,-110.9020682,759.6,269.72,15.71,2,2,5,101,Daisy Mountain and Gavilan Peak,TRUE,0,102,Daisy Mountain and Dedication,FALSE,45,103,Gavilan Peak and Boulder Creek High School,FALSE,245,104,Gavilan Peak and Memorial Way,FALSE,145,105,Daisy Mountain and Hastings,FALSE,78,TRUE,FALSE,1,1234,1,5,13,16,16.2,4.1,4,39,3,5,22,9,31.6,6.3,4,20,1,5,6,13,15.3,4.1,4,21,1,5,2,13,9.8,8,4,100,1,5,17,9,35.1,6.3,4
38400,1,transit,32.2362635,-110.9020848,759.7,270.45,15.68,2,2,5,101,Daisy Mountain and Gavilan Peak,TRUE,0,102,Daisy Mountain and Dedication,FALSE,46,103,Gavilan Peak and Boulder Creek High School,FALSE,246,104,Gavilan Peak and Memorial Way,FALSE,146,105,Daisy Mountain and Hastings,FALSE,79,TRUE,FALSE,1,1234,1,5,13,16,16.1,4.1,4,39,3,5,22,9,31.5,6.3,4,20,1,5,6,13,15.3,4.1,4,21,1,5,2,13,9.8,8,4,100,1,5,17,9,35.1,6.3,4
38500,1,transit,32.2362635,-110.9021017,759.7,270.18,15.9,2,2,5,101,Daisy Mountain and Gavilan Peak,TRUE,0,102,Daisy Mountain and Dedication,FALSE,47,103,Gavilan Peak and Boulder Creek High School,FALSE,247,104,Gavilan Peak and Memorial Way,FALSE,147,105,Daisy Mountain and Hastings,FALSE,80,TRUE,FALSE,1,1234,1,5,13,16,16,4.1,4,39,3,5,22,9,31.4,6.3,4,20,1,5,6,13,15.3,4.1,4,21,1,5,2,13,9.8,8,4,100,1,5,17,9,35.1,6.3,4
38600,1,transit,32.2362635,-110.9021188,759.7,270.08,16.12,2,2,5,101,Daisy Mountain and Gavilan Peak,TRUE,1,102,Daisy Mountain and Dedication,FALSE,48,103,Gavilan Peak and Boulder Creek High School,FALSE,248,104,Gavilan Peak and Memorial Way,FALSE,148,105,Daisy Mountain and Hastings,FALSE,81,TRUE,FALSE,1,1234,1,5,13,16,15.9,4.1,4,39,3,5,22,9,31.3,6.3,4,20,1,5,6,13,15.3,4.1,4,21,1,5,2,13,9.8,8,4,100,1,5,17,9,35.1,6.3,4
38700,1,transit,32.2362635,-110.902136,759.7,269.73,16.13,2,2,5,101,Daisy Mountain and Gavilan Peak,TRUE,2,102,Daisy Mountain and Dedication,FALSE,49,103,Gavilan Peak and Boulder Creek High School,FALSE,249,104,Gavilan Peak and Memorial Way,FALSE,149,105,Daisy Mountain and Hastings,FALSE,82,TRUE,TRUE,2,1234,1,5,13,16,15.8,4.1,4,39,3,5,22,9,31.2,6.3,4,20,1,5,6,13,15.3,4.1,4,21,1,5,2,13,9.8,8,4,100,1,5,17,9,35.1,6.3,4
38800,1,transit,32.2362635,-110.9021535,759.7,269.98,16.38,2,2,5,101,Daisy Mountain and Gavilan Peak,TRUE,3,102,Daisy Mountain and Dedication,FALSE,50,103,Gavilan Peak and Boulder Creek High School,FALSE,250,104,Gavilan Peak and Memorial Way,FALSE,150,105,Daisy Mountain and Hastings,FALSE,83,TRUE,TRUE,2,1234,1,5,13,16,15.7,4.1,4,39,3,5,22,9,31.1,6.3,4,20,1,5,6,13,15.3,4.1,4,21,1,5,2,13,9.8,8,4,100,1,5,17,9,35.1,6.3,4
38900,1,transit,32.23626333,-110.9021708,759.8,269.79,16.43,2,2,5,101,Daisy Mountain and Gavilan Peak,TRUE,4,102,Daisy Mountain and Dedication,FALSE,51,103,Gavilan Peak and Boulder Creek High School,FALSE,251,104,Gavilan Peak and Memorial Way,FALSE,151,105,Daisy Mountain and Hastings,FALSE,84,TRUE,TRUE,2,1234,1,5,13,16,15.6,4.1,4,39,3,5,22,9,31,6.3,4,20,1,5,6,13,15.3,4.1,4,21,1,5,2,13,9.8,8,4,100,1,5,17,9,35.1,6.3,4
39000,1,transit,32.23626333,-110.9021885,759.8,269.83,16.56,2,2,5,101,Daisy Mountain and Gavilan Peak,TRUE,5,102,Daisy Mountain and Dedication,FALSE,52,103,Gavilan Peak and Boulder Creek High School,FALSE,252,104,Gavilan Peak and Memorial Way,FALSE,152,105,Daisy Mountain and Hastings,FALSE,85,TRUE,TRUE,2,1234,1,5,13,16,15.5,4.1,4,39,3,5,22,9,30.9,6.3,4,20,1,5,6,13,15.3,4.1,4,21,1,5,2,13,9.8,8,4,100,1,5,17,9,35.1,6.3,4
39100,1,transit,32.23626317,-110.9022062,759.7,269.29,16.59,2,2,5,101,Daisy Mountain and Gavilan Peak,TRUE,6,102,Daisy Mountain and Dedication,FALSE,53,103,Gavilan Peak and Boulder Creek High School,FALSE,253,104,Gavilan Peak and Memorial Way,FALSE,153,105,Daisy Mountain and Hastings,FALSE,86,TRUE,TRUE,2,1234,1,5,13,16,15.4,4.1,4,39,3,5,22,9,30.8,6.3,4,20,1,5,6,13,15.3,4.1,4,21,1,5,2,13,9.8,8,4,100,1,5,17,9,35.1,6.3,4
39200,1,transit,32.23626333,-110.9022238,759.8,270.33,16.67,2,2,5,101,Daisy Mountain and Gavilan Peak,TRUE,7,102,Daisy Mountain and Dedication,FALSE,54,103,Gavilan Peak and Boulder Creek High School,FALSE,254,104,Gavilan Peak and Memorial Way,FALSE,154,105,Daisy Mountain and Hastings,FALSE,87,TRUE,TRUE,2,1234,1,5,13,16,15.3,4.1,4,39,3,5,22,9,30.7,6.3,4,20,1,5,6,13,15.3,4.1,4,21,1,5,2,13,9.8,8,4,100,1,5,17,9,35.1,6.3,4
39300,1,transit,32.23626317,-110.9022417,759.8,269.98,16.79,2,2,5,101,Daisy Mountain and Gavilan Peak,TRUE,8,102,Daisy Mountain and Dedication,FALSE,55,103,Gavilan Peak and Boulder Creek High School,FALSE,255,104,Gavilan Peak and Memorial Way,FALSE,155,105,Daisy Mountain and Hastings,FALSE,88,TRUE,TRUE,2,1234,1,5,13,16,15.2,4.1,4,39,3,5,22,9,30.6,6.3,4,20,1,5,6,13,15.3,4.1,4,21,1,5,2,13,9.8,8,4,100,1,5,17,9,35.1,6.3,4
39400,1,transit,32.23626317,-110.9022597,759.8,269.87,16.89,2,2,5,101,Daisy Mountain and Gavilan Peak,TRUE,9,102,Daisy Mountain and Dedication,FALSE,56,103,Gavilan Peak and Boulder Creek High School,FALSE,256,104,Gavilan Peak and Memorial Way,FALSE,156,105,Daisy Mountain and Hastings,FALSE,89,TRUE,TRUE,2,1234,1,5,13,16,15.1,4.1,4,39,3,5,22,9,30.5,6.3,4,20,1,5,6,13,15.3,4.1,4,21,1,5,2,13,9.8,8,4,100,1,5,17,9,35.1,6.3,4
39500,1,transit,32.23626317,-110.9022773,759.8,269.92,16.78,2,2,5,101,Daisy Mountain and Gavilan Peak,TRUE,10,102,Daisy Mountain and Dedication,FALSE,57,103,Gavilan Peak and Boulder Creek High School,FALSE,257,104,Gavilan Peak and Memorial Way,FALSE,157,105,Daisy Mountain and Hastings,FALSE,90,TRUE,TRUE,2,1234,1,6,13,16,15,4.1,4,39,3,6,22,9,30.4,6.3,4,20,1,6,6,13,15.3,4.1,4,21,1,6,2,13,9.8,8,4,100,1,6,17,9,35.1,6.3,4
39600,1,transit,32.23626317,-110.9022952,759.8,270.09,16.82,2,2,5,101,Daisy Mountain and Gavilan Peak,TRUE,11,102,Daisy Mountain and Dedication,FALSE,58,103,Gavilan Peak and Boulder Creek High School,FALSE,258,104,Gavilan Peak and Memorial Way,FALSE,158,105,Daisy Mountain and Hastings,FALSE,91,TRUE,TRUE,2,1234,1,6,13,16,14.9,4.1,4,39,3,6,22,9,30.3,6.3,4,20,1,6,6,13,15.3,4.1,4,21,1,6,2,13,9.8,8,4,100,1,6,17,9,35.1,6.3,4
39700,1,transit,32.23626317,-110.9023135,759.8,269.94,17.11,2,2,5,101,Daisy Mountain and Gavilan Peak,TRUE,12,102,Daisy Mountain and Dedication,FALSE,59,103,Gavilan Peak and Boulder Creek High School,FALSE,259,104,Gavilan Peak and Memorial Way,FALSE,159,105,Daisy Mountain and Hastings,FALSE,92,TRUE,TRUE,2,1234,1,6,13,16,14.8,4.1,4,39,3,6,22,9,30.2,6.3,4,20,1,6,6,13,15.3,4.1,4,21,1,6,2,13,9.8,8,4,100,1,6,17,9,35.1,6.3,4
39800,1,transit,32.23626317,-110.9023315,759.8,269.81,17.02,2,2,5,101,Daisy Mountain and Gavilan Peak,TRUE,13,102,Daisy Mountain and Dedication,FALSE,60,103,Gavilan Peak and Boulder Creek High School,FALSE,260,104,Gavilan Peak and Memorial Way,FALSE,160,105,Daisy Mountain and Hastings,FALSE,93,TRUE,TRUE,4,1234,1,6,13,16,14.7,4.1,5,39,3,6,22,9,30.1,6.3,5,20,1,6,6,13,15.3,4.1,4,21,1,6,2,13,9.7,8,4,100,1,6,17,9,35.1,6.3,5
39900,1,transit,32.23626333,-110.9023497,759.9,270.33,17.18,2,2,5,101,Daisy Mountain and Gavilan Peak,TRUE,14,102,Daisy Mountain and Dedication,FALSE,61,103,Gavilan Peak and Boulder Creek High School,FALSE,261,104,Gavilan Peak and Memorial Way,FALSE,161,105,Daisy Mountain and Hastings,FALSE,94,TRUE,TRUE,4,1234,1,6,13,16,14.6,4.1,5,39,3,6,22,9,30,6.3,5,20,1,6,6,13,15.2,4.1,4,21,1,6,2,13,9.6,8,4,100,1,6,17,9,35.1,6.3,5
40000,1,transit,32.23626317,-110.902368,759.9,269.77,17.18,2,2,5,101,Daisy Mountain and Gavilan Peak,TRUE,15,102,Daisy Mountain and Dedication,FALSE,62,103,Gavilan Peak and Boulder Creek High School,FALSE,262,104,Gavilan Peak and Memorial Way,FALSE,162,105,Daisy Mountain and Hastings,FALSE,95,TRUE,TRUE,4,1234,1,6,13,16,14.5,4.1,5,39,3,6,22,9,29.9,6.3,5,20,1,6,6,13,15.1,4.1,4,21,1,6,2,13,9.5,8,4,100,1,6,17,9,35.1,6.3,5
40100,1,transit,32.23626333,-110.9023863,759.8,270.24,17.27,2,2,5,101,Daisy Mountain and Gavilan Peak,TRUE,16,102,Daisy Mountain and Dedication,FALSE,63,103,Gavilan Peak and Boulder Creek High School,FALSE,263,104,Gavilan Peak and Memorial Way,FALSE,163,105,Daisy Mountain and Hastings,FALSE,96,TRUE,TRUE,4,1234,1,6,13,16,14.4,4.1,5,39,3,6,22,9,29.8,6.3,5,20,1,6,6,13,15,4.1,4,21,1,6,2,13,9.4,8,4,100,1,6,17,9,35.1,6.3,5
40200,1,transit,32.23626317,-110.9024045,759.9,269.59,17.24,2,2,5,101,Daisy Mountain and Gavilan Peak,TRUE,17,102,Daisy Mountain and Dedication,FALSE,64,103,Gavilan Peak and Boulder Creek High School,FALSE,264,104,Gavilan Peak and Memorial Way,FALSE,164,105,Daisy Mountain and Hastings,FALSE,97,TRUE,TRUE,4,1234,1,6,13,16,14.3,4.1,5,39,3,6,22,9,29.7,6.3,5,20,1,6,6,13,14.9,4.1,4,21,1,6,2,13,9.3,8,4,100,1,6,17,9,35.1,6.3,5
40300,1,transit,32.23626317,-110.9024232,759.9,270.1,17.42,2,2,5,101,Daisy Mountain and Gavilan Peak,TRUE,18,102,Daisy Mountain and Dedication,FALSE,65,103,Gavilan Peak and Boulder Creek High School,FALSE,265,104,Gavilan Peak and Memorial Way,FALSE,165,105,Daisy Mountain and Hastings,FALSE,98,TRUE,TRUE,4,1234,1,6,13,16,14.2,4.1,5,39,3,6,22,9,29.6,6.3,5,20,1,6,6,13,14.8,4.1,4,21,1,6,2,13,9.2,8,4,100,1,6,17,9,35.1,6.3,5
40400,1,transit,32.23626317,-110.9024417,759.9,269.77,17.48,2,2,5,101,Daisy Mountain and Gavilan Peak,TRUE,19,102,Daisy Mountain and Dedication,FALSE,66,103,Gavilan Peak and Boulder Creek High School,FALSE,266,104,Gavilan Peak and Memorial Way,FALSE,166,105,Daisy Mountain and Hastings,FALSE,99,TRUE,TRUE,4,1234,1,6,13,16,14.1,4.1,5,39,3,6,22,9,29.5,6.3,5,20,1,6,6,13,14.7,4.1,4,21,1,6,2,13,9.1,8,4,100,1,6,17,9,35.1,6.3,5
40500,1,transit,32.23626317,-110.9024605,759.9,269.77,17.66,2,2,5,101,Daisy Mountain and Gavilan Peak,TRUE,20,102,Daisy Mountain and Dedication,FALSE,67,103,Gavilan Peak and Boulder Creek High School,FALSE,267,104,Gavilan Peak and Memorial Way,FALSE,167,105,Daisy Mountain and Hastings,FALSE,100,TRUE,TRUE,4,1234,1,6,13,16,14,4.1,5,39,3,6,22,9,29.4,6.3,5,20,1,6,6,13,14.6,4.1,4,21,1,6,2,13,9,8,4,100,1,6,17,9,35.1,6.3,5
40600,1,transit,32.23626317,-110.9024792,759.9,270.15,17.63,2,2,5,101,Daisy Mountain and Gavilan Peak,TRUE,21,102,Daisy Mountain and Dedication,FALSE,68,103,Gavilan Peak and Boulder Creek High School,FALSE,268,104,Gavilan Peak and Memorial Way,FALSE,168,105,Daisy Mountain and Hastings,FALSE,101,TRUE,TRUE,4,1234,1,6,13,16,13.9,4.1,5,39,3,6,22,9,29.3,6.3,5,20,1,6,6,13,14.5,4.1,4,21,1,6,2,13,8.9,8,4,100,1,6,17,9,35.1,6.3,5
40700,1,transit,32.23626317,-110.902498,759.9,269.64,17.71,2,2,5,101,Daisy Mountain and Gavilan Peak,TRUE,22,102,Daisy Mountain and Dedication,FALSE,69,103,Gavilan Peak and Boulder Creek High School,FALSE,269,104,Gavilan Peak and Memorial Way,FALSE,169,105,Daisy Mountain and Hastings,FALSE,102,TRUE,TRUE,5,1234,1,6,13,16,13.8,4.1,5,39,3,6,22,9,29.2,6.3,5,20,1,6,6,13,14.4,4.1,4,21,1,6,2,13,8.8,8,4,100,1,6,17,9,35.1,6.3,5
40800,1,transit,32.236263,-110.902517,759.8,269.68,17.89,2,2,5,101,Daisy Mountain and Gavilan Peak,TRUE,23,102,Daisy Mountain and Dedication,FALSE,70,103,Gavilan Peak and Boulder Creek High School,FALSE,270,104,Gavilan Peak and Memorial Way,FALSE,170,105,Daisy Mountain and Hastings,FALSE,103,TRUE,TRUE,5,1234,1,6,13,16,13.7,4.1,5,39,3,6,22,9,29.1,6.3,5,20,1,6,6,13,14.3,4.1,4,21,1,6,2,13,8.7,8,4,100,1,6,17,9,35.1,6.3,5
40900,1,transit,32.236263,-110.902536,759.8,269.83,17.85,2,2,5,101,Daisy Mountain and Gavilan Peak,TRUE,24,102,Daisy Mountain and Dedication,FALSE,71,103,Gavilan Peak and Boulder Creek High School,FALSE,271,104,Gavilan Peak and Memorial Way,FALSE,171,105,Daisy Mountain and Hastings,FALSE,104,TRUE,TRUE,5,1234,1,6,13,16,13.6,4.1,5,39,3,6,22,9,29,6.3,5,20,1,6,6,13,14.2,4.1,4,21,1,6,2,13,8.6,8,4,100,1,6,17,9,35.1,6.3,5
41000,1,transit,32.236263,-110.9025548,759.8,270.29,17.79,2,2,5,101,Daisy Mountain and Gavilan Peak,TRUE,25,102,Daisy Mountain and Dedication,FALSE,72,103,Gavilan Peak and Boulder Creek High School,FALSE,272,104,Gavilan Peak and Memorial Way,FALSE,172,105,Daisy Mountain and Hastings,FALSE,105,TRUE,TRUE,5,1234,1,6,13,16,13.5,4.1,5,39,3,6,22,9,28.9,6.3,5,20,1,6,6,13,14.1,4.1,4,21,1,6,2,13,8.5,8,4,100,1,6,17,9,35.1,6.3,5
41100,1,transit,32.236263,-110.9025738,759.8,269.78,17.91,2,2,5,101,Daisy Mountain and Gavilan Peak,TRUE,26,102,Daisy Mountain and Dedication,FALSE,73,103,Gavilan Peak and Boulder Creek High School,FALSE,273,104,Gavilan Peak and Memorial Way,FALSE,173,105,Daisy Mountain and Hastings,FALSE,106,TRUE,TRUE,5,1234,1,6,13,16,13.4,4.1,5,39,3,6,22,9,28.8,6.3,5,20,1,6,6,13,14,4.1,4,21,1,6,2,13,8.4,8,4,100,1,6,17,9,35.1,6.3,5
41200,1,transit,32.236263,-110.902593,759.8,269.92,17.94,2,2,5,101,Daisy Mountain and Gavilan Peak,TRUE,27,102,Daisy Mountain and Dedication,FALSE,74,103,Gavilan Peak and Boulder Creek High School,FALSE,274,104,Gavilan Peak and Memorial Way,FALSE,174,105,Daisy Mountain and Hastings,FALSE,107,TRUE,TRUE,5,1234,1,6,13,16,13.3,4.1,5,39,3,6,22,9,28.7,6.3,5,20,1,6,6,13,13.9,4.1,4,21,1,6,2,13,8.3,8,4,100,1,6,17,9,35.1,6.3,5
41300,1,transit,32.236263,-110.902612,759.8,270.25,18,2,2,5,101,Daisy Mountain and Gavilan Peak,TRUE,28,102,Daisy Mountain and Dedication,FALSE,75,103,Gavilan Peak and Boulder Creek High School,FALSE,275,104,Gavilan Peak and Memorial Way,FALSE,175,105,Daisy Mountain and Hastings,FALSE,108,TRUE,TRUE,5,1234,1,6,13,16,13.2,4.1,5,39,3,6,22,9,28.6,6.3,5,20,1,6,6,13,13.8,4.1,4,21,1,6,2,13,8.2,8,4,100,1,6,17,9,35.1,6.3,5
41400,1,transit,32.236263,-110.9026312,759.8,269.94,17.98,2,2,5,101,Daisy Mountain and Gavilan Peak,TRUE,29,102,Daisy Mountain and Dedication,FALSE,76,103,Gavilan Peak and Boulder Creek High School,FALSE,276,104,Gavilan Peak and Memorial Way,FALSE,176,105,Daisy Mountain and Hastings,FALSE,109,TRUE,TRUE,5,1234,1,6,13,16,13.1,4.1,5,39,3,6,22,9,28.5,6.3,5,20,1,6,6,13,13.7,4.1,4,21,1,6,2,13,8.1,8,4,100,1,6,17,9,35.1,6.3,5
41500,1,transit,32.23626267,-110.9026502,759.8,268.82,17.95,2,2,5,101,Daisy Mountain and Gavilan Peak,TRUE,30,102,Daisy Mountain and Dedication,FALSE,77,103,Gavilan Peak and Boulder Creek High School,FALSE,277,104,Gavilan Peak and Memorial Way,FALSE,177,105,Daisy Mountain and Hastings,FALSE,110,TRUE,TRUE,5,1234,1,6,13,16,13,4.1,5,39,3,6,22,9,28.4,6.3,5,20,1,6,6,13,13.6,4.1,4,21,1,6,2,13,8,8,4,100,1,6,17,9,35.1,6.3,5
41600,1,transit,32.23626283,-110.9026697,759.7,270.33,18.25,2,2,5,101,Daisy Mountain and Gavilan Peak,TRUE,31,102,Daisy Mountain and Dedication,FALSE,78,103,Gavilan Peak and Boulder Creek High School,FALSE,278,104,Gavilan Peak and Memorial Way,FALSE,178,105,Daisy Mountain and Hastings,FALSE,111,TRUE,TRUE,5,1234,1,6,13,16,12.9,4.1,5,39,3,6,22,9,28.3,6.3,5,20,1,6,6,13,13.5,4.1,4,21,1,6,2,13,7.9,8,4,100,1,6,17,9,35.1,6.3,5
41700,1,transit,32.23626283,-110.9026888,759.7,270.04,18.2,2,2,5,101,Daisy Mountain and Gavilan Peak,TRUE,32,102,Daisy Mountain and Dedication,FALSE,79,103,Gavilan Peak and Boulder Creek High School,FALSE,279,104,Gavilan Peak and Memorial Way,FALSE,179,105,Daisy Mountain and Hastings,FALSE,112,TRUE,TRUE,5,1234,1,6,13,16,12.8,4.1,5,39,3,6,22,9,28.2,6.3,5,20,1,6,6,13,13.4,4.1,4,21,1,6,2,13,7.8,8,4,100,1,6,17,9,35.1,6.3,5
41800,1,transit,32.23626267,-110.9027083,759.7,269.75,18.26,2,2,5,101,Daisy Mountain and Gavilan Peak,TRUE,33,102,Daisy Mountain and Dedication,FALSE,80,103,Gavilan Peak and Boulder Creek High School,FALSE,280,104,Gavilan Peak and Memorial Way,FALSE,180,105,Daisy Mountain and Hastings,FALSE,113,TRUE,TRUE,5,1234,1,6,13,16,12.7,4.1,5,39,3,6,22,9,28.1,6.3,5,20,1,6,6,13,13.3,4.1,4,21,1,6,2,13,7.7,8,4,100,1,6,17,9,35.1,6.3,5
41900,1,transit,32.23626267,-110.9027277,759.7,270.08,18.34,2,2,5,101,Daisy Mountain and Gavilan Peak,TRUE,34,102,Daisy Mountain and Dedication,FALSE,81,103,Gavilan Peak and Boulder Creek High School,FALSE,281,104,Gavilan Peak and Memorial Way,FALSE,181,105,Daisy Mountain and Hastings,FALSE,114,TRUE,TRUE,5,1234,1,6,13,16,12.6,4.1,5,39,3,6,22,9,28,6.3,5,20,1,6,6,13,13.2,4.1,4,21,1,6,2,13,7.6,8,4,100,1,6,17,9,35.1,6.3,5
42000,1,transit,32.23626267,-110.9027473,759.7,270.05,18.4,2,2,5,101,Daisy Mountain and Gavilan Peak,TRUE,35,102,Daisy Mountain and Dedication,FALSE,82,103,Gavilan Peak and Boulder Creek High School,FALSE,282,104,Gavilan Peak and Memorial Way,FALSE,182,105,Daisy Mountain and Hastings,FALSE,115,TRUE,TRUE,5,1234,1,6,13,16,12.5,4.1,5,39,3,6,22,9,27.9,6.3,5,20,1,6,6,13,13.1,4.1,4,21,1,6,2,13,7.5,8,4,100,1,6,17,9,35.1,6.3,5
42100,1,transit,32.23626283,-110.9027668,759.7,270.25,18.48,2,2,5,101,Daisy Mountain and Gavilan Peak,TRUE,36,102,Daisy Mountain and Dedication,FALSE,83,103,Gavilan Peak and Boulder Creek High School,FALSE,283,104,Gavilan Peak and Memorial Way,FALSE,183,105,Daisy Mountain and Hastings,FALSE,116,TRUE,TRUE,5,1234,1,6,13,16,12.4,4.1,5,39,3,6,22,9,27.8,6.3,5,20,1,6,6,13,13,4.1,4,21,1,6,2,13,7.4,8,4,100,1,6,17,9,35.1,6.3,5
42200,1,transit,32.23626267,-110.9027865,759.7,269.82,18.46,2,2,5,101,Daisy Mountain and Gavilan Peak,TRUE,37,102,Daisy Mountain and Dedication,FALSE,84,103,Gavilan Peak and Boulder Creek High School,FALSE,284,104,Gavilan Peak and Memorial Way,FALSE,184,105,Daisy Mountain and Hastings,FALSE,117,TRUE,TRUE,4,1234,1,6,13,16,12.3,4.1,5,39,3,6,22,9,27.7,6.3,5,20,1,6,6,13,12.9,4.1,4,21,1,6,2,13,7.3,8,4,100,1,6,17,9,35.1,6.3,5
42300,1,transit,32.23626267,-110.9028062,759.7,270.07,18.57,2,2,5,101,Daisy Mountain and Gavilan Peak,TRUE,38,102,Daisy Mountain and Dedication,FALSE,85,103,Gavilan Peak and Boulder Creek High School,FALSE,285,104,Gavilan Peak and Memorial Way,FALSE,185,105,Daisy Mountain and Hastings,FALSE,118,TRUE,TRUE,4,1234,1,6,13,16,12.2,4.1,5,39,3,6,22,9,27.6,6.3,5,20,1,6,6,13,12.8,4.1,4,21,1,6,2,13,7.2,8,4,100,1,6,17,9,35.1,6.3,5
42400,1,transit,32.23626267,-110.902826,759.7,269.79,18.63,2,2,5,101,Daisy Mountain and Gavilan Peak,TRUE,39,102,Daisy Mountain and Dedication,FALSE,86,103,Gavilan Peak and Boulder Creek High School,FALSE,286,104,Gavilan Peak and Memorial Way,FALSE,186,105,Daisy Mountain and Hastings,FALSE,119,FALSE,FALSE,4,1234,1,6,13,16,12.1,4.1,5,39,3,6,22,9,27.5,6.3,5,20,1,6,6,13,12.7,4.1,4,21,1,6,2,13,7.1,8,4,100,1,6,17,9,35.1,6.3,5
42500,1,transit,32.23626267,-110.9028458,759.7,269.91,18.63,2,2,5,101,Daisy Mountain and Gavilan Peak,TRUE,40,102,Daisy Mountain and Dedication,FALSE,87,103,Gavilan Peak and Boulder Creek High School,FALSE,287,104,Gavilan Peak and Memorial Way,FALSE,187,105,Daisy Mountain and Hastings,FALSE,120,FALSE,FALSE,4,1234,1,6,13,16,12,4.1,5,39,3,6,22,9,27.4,6.3,5,20,1,6,6,13,12.6,4.1,4,21,1,6,2,13,7,8,4,100,1,6,17,9,35.1,6.3,5
42600,1,transit,32.2362625,-110.9028657,759.6,269.8,18.73,2,2,5,101,Daisy Mountain and Gavilan Peak,TRUE,41,102,Daisy Mountain and Dedication,FALSE,88,103,Gavilan Peak and Boulder Creek High School,FALSE,288,104,Gavilan Peak and Memorial Way,FALSE,188,105,Daisy Mountain and Hastings,FALSE,121,FALSE,FALSE,4,1234,1,6,13,16,11.9,4.1,5,39,3,6,22,9,27.3,6.3,5,20,1,6,6,13,12.5,4.1,4,21,1,6,2,13,6.9,8,4,100,1,6,17,9,35.1,6.3,5
42700,1,transit,32.2362625,-110.9028855,759.6,269.87,18.74,2,2,5,101,Daisy Mountain and Gavilan Peak,TRUE,42,102,Daisy Mountain and Dedication,FALSE,89,103,Gavilan Peak and Boulder Creek High School,FALSE,289,104,Gavilan Peak and Memorial Way,FALSE,189,105,Daisy Mountain and Hastings,FALSE,122,FALSE,FALSE,4,1234,1,6,13,16,11.8,4.1,5,39,3,6,22,9,27.2,6.3,5,20,1,6,6,13,12.4,4.1,4,21,1,6,2,13,6.8,8,4,100,1,6,17,9,35.1,6.3,5
42800,1,transit,32.2362625,-110.9029055,759.6,269.91,18.77,2,2,5,101,Daisy Mountain and Gavilan Peak,TRUE,43,102,Daisy Mountain and Dedication,FALSE,90,103,Gavilan Peak and Boulder Creek High School,FALSE,290,104,Gavilan Peak and Memorial Way,FALSE,190,105,Daisy Mountain and Hastings,FALSE,123,FALSE,FALSE,3,1234,1,7,13,16,11.7,4.1,5,39,3,7,22,9,27.1,6.3,5,20,1,7,6,13,12.3,4.1,4,21,1,7,2,13,6.7,8,4,100,1,7,17,9,35.1,6.3,5
42900,1,transit,32.2362625,-110.9029255,759.6,269.78,18.77,2,2,5,101,Daisy Mountain and Gavilan Peak,TRUE,44,102,Daisy Mountain and Dedication,FALSE,91,103,Gavilan Peak and Boulder Creek High School,FALSE,291,104,Gavilan Peak and Memorial Way,FALSE,191,105,Daisy Mountain and Hastings,FALSE,124,FALSE,FALSE,3,1234,1,7,13,16,11.6,4.1,5,39,3,7,22,9,27,6.3,5,20,1,7,6,13,12.2,4.1,4,21,1,7,2,13,6.6,8,4,100,1,7,17,9,35.1,6.3,5
43000,1,transit,32.23626233,-110.9029453,759.6,269.8,18.76,2,2,5,101,Daisy Mountain and Gavilan Peak,TRUE,45,102,Daisy Mountain and Dedication,FALSE,92,103,Gavilan Peak and Boulder Creek High School,FALSE,292,104,Gavilan Peak and Memorial Way,FALSE,192,105,Daisy Mountain and Hastings,FALSE,125,FALSE,FALSE,3,1234,1,7,13,16,11.5,4.1,5,39,3,7,22,9,26.9,6.3,5,20,1,7,6,13,12.1,4.1,4,21,1,7,2,13,6.5,8,4,100,1,7,17,9,35.1,6.3,5
43100,1,transit,32.23626233,-110.9029653,759.6,269.74,18.81,2,2,5,101,Daisy Mountain and Gavilan Peak,TRUE,46,102,Daisy Mountain and Dedication,FALSE,93,103,Gavilan Peak and Boulder Creek High School,FALSE,293,104,Gavilan Peak and Memorial Way,FALSE,193,105,Daisy Mountain and Hastings,FALSE,126,FALSE,FALSE,3,1234,1,7,13,16,11.4,4.1,5,39,3,7,22,9,26.8,6.3,5,20,1,7,6,13,12,4.1,4,21,1,7,2,13,6.4,8,4,100,1,7,17,9,35.1,6.3,5
43200,1,transit,32.23626217,-110.9029853,759.6,269.73,18.82,2,2,5,101,Daisy Mountain and Gavilan Peak,TRUE,47,102,Daisy Mountain and Dedication,FALSE,94,103,Gavilan Peak and Boulder Creek High School,FALSE,294,104,Gavilan Peak and Memorial Way,FALSE,194,105,Daisy Mountain and Hastings,FALSE,127,FALSE,FALSE,3,1234,1,7,13,16,11.3,4.1,5,39,3,7,22,9,26.7,6.3,5,20,1,7,6,13,11.9,4.1,4,21,1,7,2,13,6.3,8,4,100,1,7,17,9,35.1,6.3,5
43300,1,transit,32.23626217,-110.9030052,759.5,269.66,18.79,2,2,5,101,Daisy Mountain and Gavilan Peak,TRUE,48,102,Daisy Mountain and Dedication,FALSE,95,103,Gavilan Peak and Boulder Creek High School,FALSE,295,104,Gavilan Peak and Memorial Way,FALSE,195,105,Daisy Mountain and Hastings,FALSE,128,FALSE,FALSE,2,1234,1,7,13,16,11.2,4.1,5,39,3,7,22,9,26.6,6.3,5,20,1,7,6,13,11.8,4.1,4,21,1,7,2,13,6.2,8,4,100,1,7,17,9,35.1,6.3,5
43400,1,transit,32.236262,-110.9030252,759.5,269.56,18.79,2,2,5,101,Daisy Mountain and Gavilan Peak,TRUE,49,102,Daisy Mountain and Dedication,FALSE,96,103,Gavilan Peak and Boulder Creek High School,FALSE,296,104,Gavilan Peak and Memorial Way,FALSE,196,105,Daisy Mountain and Hastings,FALSE,129,FALSE,FALSE,2,1234,1,7,13,16,11.1,4.1,5,39,3,7,22,9,26.5,6.3,5,20,1,7,6,13,11.7,4.1,4,21,1,7,2,13,6.1,8,4,100,1,7,17,9,35.1,6.3,5
43500,1,transit,32.23626167,-110.9030452,759.5,269.26,18.83,2,2,5,101,Daisy Mountain and Gavilan Peak,TRUE,50,102,Daisy Mountain and Dedication,FALSE,97,103,Gavilan Peak and Boulder Creek High School,FALSE,297,104,Gavilan Peak and Memorial Way,FALSE,197,105,Daisy Mountain and Hastings,FALSE,130,FALSE,FALSE,2,1234,1,7,13,16,11,4.1,5,39,3,7,22,9,26.4,6.3,5,20,1,7,6,13,11.6,4.1,4,21,1,7,2,13,6,8,4,100,1,7,17,9,35.1,6.3,5
43600,1,transit,32.2362615,-110.9030652,759.5,269.29,18.88,2,2,5,101,Daisy Mountain and Gavilan Peak,TRUE,51,102,Daisy Mountain and Dedication,FALSE,98,103,Gavilan Peak and Boulder Creek High School,FALSE,298,104,Gavilan Peak and Memorial Way,FALSE,198,105,Daisy Mountain and Hastings,FALSE,131,FALSE,FALSE,2,1234,1,7,13,16,10.9,4.1,5,39,3,7,22,9,26.3,6.3,5,20,1,7,6,13,11.5,4.1,4,21,1,7,2,13,5.9,8,4,100,1,7,17,9,35.1,6.3,5